Date,Adj Close
2010/1/4,65.26796722
2010/1/5,65.91125488
2010/1/6,66.06564331
2010/1/7,65.85979462
2010/1/8,66.00131989
2010/1/11,66.02703857
2010/1/12,64.3416214
2010/1/13,64.05859375
2010/1/14,63.85273361
2010/1/15,65.03637695
2010/1/18,64.47028351
2010/1/19,64.30303955
2010/1/20,63.58255768
2010/1/21,62.91353607
2010/1/22,64.0971756
2010/1/25,65.6410675
2010/1/27,65.84692383
2010/1/28,65.42234802
2010/1/29,64.36734772
2010/2/1,63.42816544
2010/2/2,62.88780594
2010/2/3,64.99778748
2010/2/4,65.19078064
2010/2/5,63.90419388
2010/2/8,63.13224411
2010/2/9,62.75914764
2010/2/10,62.75914764
2010/2/11,63.59542465
2010/2/15,64.16152191
2010/2/16,64.36734772
2010/2/17,64.77907562
2010/2/18,63.87846375
2010/2/19,63.94279861
2010/2/22,63.71120453
2010/2/23,64.13578796
2010/2/24,63.72408676
2010/2/25,63.71120453
2010/2/26,59.76142883
2010/3/2,62.25737
2010/3/3,62.70768356
2010/3/4,63.31237411
2010/3/5,62.97786331
2010/3/8,64.65040588
2010/3/9,64.59895325
2010/3/10,65.42234802
2010/3/11,65.7826004
2010/3/12,66.5030899
2010/3/15,66.73465729
2010/3/16,66.85046387
2010/3/17,67.63525391
2010/3/18,67.22357941
2010/3/19,67.23642731
2010/3/22,67.31362152
2010/3/23,67.14635468
2010/3/25,68.12416077
2010/3/26,68.03410339
2010/3/29,69.26921844
2010/3/30,69.17915344
2010/3/31,67.6867218
2010/4/1,67.93117523
2010/4/5,68.13703918
2010/4/6,68.51012421
2010/4/7,69.3335495
2010/4/8,68.89610291
2010/4/9,69.28209686
2010/4/12,69.83530426
2010/4/13,69.11484528
2010/4/15,67.60953522
2010/4/16,69.2434845
2010/4/19,68.14989471
2010/4/20,67.72532654
2010/4/21,67.53233337
2010/4/22,67.99549866
2010/4/23,68.69026184
2010/4/26,68.80604553
2010/4/27,69.35927582
2010/4/28,69.46220398
2010/4/29,68.74172211
2010/4/30,68.40721893
2010/5/3,68.17562103
2010/5/4,67.4937439
2010/5/5,67.45513916
2010/5/6,66.6574707
2010/5/7,66.68320465
2010/5/10,67.36508179
2010/5/11,66.78611755
2010/5/12,68.20134735
2010/5/13,68.57447052
2010/5/14,68.99903107
2010/5/17,68.48440552
2010/5/18,69.12768555
2010/5/19,66.69607544
2010/5/20,67.51948547
2010/5/21,69.80958557
2010/5/24,68.97331238
2010/5/25,67.03057098
2010/5/26,69.2434845
2010/5/27,70.9932251
2010/5/28,72.87164307
2010/5/31,72.87164307
2010/6/1,72.82016754
2010/6/2,72.38272858
2010/6/3,73.46344757
2010/6/4,74.84008789
2010/6/7,74.02954865
2010/6/8,74.54417419
2010/6/9,72.81302643
2010/6/10,73.45566559
2010/6/11,73.84909821
2010/6/14,75.04253387
2010/6/15,76.51138306
2010/6/16,76.30154419
2010/6/17,77.08843994
2010/6/18,77.35073853
2010/6/21,78.45236969
2010/6/22,79.16055298
2010/6/23,79.43595886
2010/6/24,80.19664001
2010/6/25,79.06874847
2010/6/28,78.072052
2010/6/29,77.73107147
2010/6/30,80.11794281
2010/7/1,79.47530365
2010/7/2,79.35729218
2010/7/5,79.25237274
2010/7/6,79.44908905
2010/7/7,79.21302032
2010/7/8,79.51467896
2010/7/9,78.78024292
2010/7/12,78.67531586
2010/7/13,78.45236969
2010/7/14,78.29499817
2010/7/15,78.71465302
2010/7/16,78.25563812
2010/7/19,76.41958618
2010/7/20,76.44580841
2010/7/21,76.68186951
2010/7/22,78.08515167
2010/7/23,79.12121582
2010/7/26,79.39664459
2010/7/27,79.80317688
2010/7/28,80.61629486
2010/7/29,81.33760071
2010/7/30,80.98352051
2010/8/2,82.04580688
2010/8/3,80.99662781
2010/8/4,81.46876526
2010/8/5,81.73105621
2010/8/6,83.27859497
2010/8/9,83.3835144
2010/8/10,82.49171448
2010/8/11,81.28514862
2010/8/12,80.23596191
2010/8/13,81.96712494
2010/8/16,83.01629639
2010/8/17,83.69827271
2010/8/18,85.24581146
2010/8/19,86.71465302
2010/8/20,85.35072327
2010/8/23,83.67202759
2010/8/24,83.85564423
2010/8/25,84.19662476
2010/8/26,85.98022461
2010/8/27,84.56384277
2010/8/30,83.56713104
2010/8/31,85.5867691
2010/9/1,85.5867691
2010/9/2,86.79334259
2010/9/3,86.03270721
2010/9/6,86.97693634
2010/9/7,87.18678284
2010/9/8,86.19006348
2010/9/9,85.16711426
2010/9/13,85.61300659
2010/9/14,86.66220093
2010/9/15,87.94743347
2010/9/16,87.81629181
2010/9/17,88.31465149
2010/9/20,92.66873932
2010/9/21,90.57040405
2010/9/22,91.6457901
2010/9/23,92.59005737
2010/9/24,94.03268433
2010/9/27,93.58677673
2010/9/28,93.58677673
2010/9/29,91.06874847
2010/9/30,93.53430939
2010/10/1,93.7179184
2010/10/4,91.93431854
2010/10/5,91.17366791
2010/10/6,90.70152283
2010/10/7,90.17694855
2010/10/8,90.46547699
2010/10/11,90.72776794
2010/10/12,89.67858124
2010/10/13,91.85562897
2010/10/14,91.82939911
2010/10/15,90.20317841
2010/10/18,89.99333191
2010/10/19,89.44251251
2010/10/20,88.13105774
2010/10/21,91.46218109
2010/10/22,89.8097229
2010/10/25,88.73430634
2010/10/26,90.09825134
2010/10/27,88.05235291
2010/10/28,87.63269043
2010/10/29,89.8097229
2010/11/1,90.15071106
2010/11/2,90.96383667
2010/11/3,92.09171295
2010/11/4,92.8523407
2010/11/8,92.14415741
2010/11/9,93.27201843
2010/11/10,92.8523407
2010/11/11,91.98677826
2010/11/12,91.19989014
2010/11/15,91.88186646
2010/11/16,89.15399933
2010/11/18,90.20317841
2010/11/19,89.67858124
2010/11/22,92.27529907
2010/11/23,90.49170685
2010/11/24,91.12120056
2010/11/25,89.02285767
2010/11/26,87.94743347
2010/11/29,88.44580078
2010/11/30,90.17694855
2010/12/1,89.91464996
2010/12/2,89.65235138
2010/12/3,89.86219788
2010/12/6,88.68186188
2010/12/7,88.23596191
2010/12/8,87.47530365
2010/12/9,87.76383972
2010/12/10,89.33760071
2010/12/13,87.68512726
2010/12/14,88.34088135
2010/12/15,87.60647583
2010/12/16,88.15727997
2010/12/20,87.58022308
2010/12/21,87.68512726
2010/12/22,87.81629181
2010/12/23,87.55400085
2010/12/24,89.12776184
2010/12/27,89.0490799
2010/12/28,89.8097229
2010/12/29,91.38349915
2010/12/30,91.56710815
2010/12/31,91.61956024
2011/1/3,91.69825745
2011/1/4,93.11463928
2011/1/5,94.32119751
2011/1/6,93.84906006
2011/1/7,90.49170685
2011/1/10,89.49497223
2011/1/11,89.23268127
2011/1/12,91.14743042
2011/1/13,90.83268738
2011/1/14,89.46875
2011/1/17,90.20317841
2011/1/18,92.40644836
2011/1/19,92.03925323
2011/1/20,90.04579926
2011/1/21,88.6031723
2011/1/24,88.70809174
2011/1/25,88.13105774
2011/1/27,88.02611542
2011/1/28,88.20972443
2011/1/31,85.29827118
2011/2/1,83.72450256
2011/2/2,83.40973663
2011/2/3,83.64580536
2011/2/4,80.2621994
2011/2/7,82.4130249
2011/2/8,81.88842773
2011/2/9,80.73432922
2011/2/10,81.91466522
2011/2/11,81.36385345
2011/2/14,82.62284851
2011/2/15,82.4130249
2011/2/16,82.30809021
2011/2/17,83.12121582
2011/2/18,81.70482635
2011/2/21,82.99008179
2011/2/22,82.20317841
2011/2/23,81.62612915
2011/2/24,79.02941895
2011/2/25,81.99334717
2011/2/28,88.65564728
2011/3/1,91.06874847
2011/3/3,91.04250336
2011/3/4,90.4392395
2011/3/7,90.57040405
2011/3/8,90.20317841
2011/3/9,90.09825134
2011/3/10,89.86219788
2011/3/11,89.88841248
2011/3/14,90.9900589
2011/3/15,89.23268127
2011/3/16,89.8097229
2011/3/17,88.15727997
2011/3/18,88.10482025
2011/3/21,88.07857513
2011/3/22,89.20645905
2011/3/23,90.20317841
2011/3/24,90.75399017
2011/3/25,93.08842468
2011/3/28,93.74415588
2011/3/29,94.03268433
2011/3/30,93.167099
2011/3/31,95.52775574
2011/4/1,95.73758698
2011/4/4,96.97038269
2011/4/5,96.62939453
2011/4/6,95.97366333
2011/4/7,95.76382446
2011/4/8,96.39333344
2011/4/11,97.04906464
2011/4/13,99.72446442
2011/4/15,100.4588852
2011/4/18,99.77693939
2011/4/19,98.3605423
2011/4/20,99.98677826
2011/4/21,99.75068665
2011/4/25,99.80317688
2011/4/26,100.5375977
2011/4/27,101.5867691
2011/4/28,100.6425095
2011/4/29,100.9048004
2011/5/2,100.2752991
2011/5/3,98.01955414
2011/5/4,97.99333191
2011/5/5,95.73758698
2011/5/6,96.31463623
2011/5/9,96.76054382
2011/5/10,97.36381531
2011/5/11,97.75726318
2011/5/12,96.41956329
2011/5/13,99.14743042
2011/5/16,97.62611389
2011/5/17,98.54413605
2011/5/18,99.12119293
2011/5/19,99.17365265
2011/5/20,97.86219025
2011/5/23,99.77693939
2011/5/24,98.07200623
2011/5/25,99.19988251
2011/5/26,98.09824371
2011/5/27,99.12119293
2011/5/30,98.41300201
2011/5/31,101.4293823
2011/6/1,101.6916962
2011/6/2,102.4523544
2011/6/3,101.4818573
2011/6/6,101.1408844
2011/6/7,101.5343094
2011/6/8,102.2687225
2011/6/9,102.2949677
2011/6/10,101.3955536
2011/6/13,100.9987564
2011/6/14,102.559494
2011/6/15,102.7182159
2011/6/16,102.6388474
2011/6/17,101.4484634
2011/6/20,98.64440155
2011/6/21,97.79790497
2011/6/22,97.98307037
2011/6/23,101.2897339
2011/6/24,103.2208328
2011/6/27,102.4272232
2011/6/28,102.559494
2011/6/29,105.5751724
2011/6/30,107.3740082
2011/7/1,106.6333008
2011/7/4,105.1519089
2011/7/5,103.5118103
2011/7/6,104.0673294
2011/7/7,107.6120834
2011/7/8,106.104248
2011/7/11,107.1888199
2011/7/12,106.6862259
2011/7/13,107.9295197
2011/7/14,107.4004517
2011/7/15,106.7391281
2011/7/18,106.6862259
2011/7/19,107.9824295
2011/7/20,108.8554001
2011/7/21,109.5696182
2011/7/22,109.7283401
2011/7/25,108.6702194
2011/7/26,106.2894058
2011/7/27,106.2894058
2011/7/28,109.1199112
2011/7/29,110.2309418
2011/8/1,110.5219421
2011/8/2,108.3263245
2011/8/3,109.437355
2011/8/4,105.7867966
2011/8/5,103.9086075
2011/8/8,103.167923
2011/8/9,105.6809921
2011/8/10,104.2789536
2011/8/11,105.1519089
2011/8/12,104.7551193
2011/8/16,106.0777969
2011/8/17,108.0617981
2011/8/18,107.8501511
2011/8/19,105.390007
2011/8/22,106.8713913
2011/8/23,107.5062561
2011/8/24,106.8449326
2011/8/25,107.0565491
2011/8/26,104.146698
2011/8/29,106.8449326
2011/8/30,105.8132629
2011/9/2,107.5327225
2011/9/5,107.2681885
2011/9/6,107.2946396
2011/9/7,105.8397064
2011/9/8,105.3635483
2011/9/9,104.5699234
2011/9/12,103.802803
2011/9/13,104.2525177
2011/9/14,105.5222626
2011/9/15,105.4958191
2011/9/16,104.7286606
2011/9/19,103.3531036
2011/9/20,105.0196457
2011/9/21,104.5435028
2011/9/22,101.0252151
2011/9/23,101.3955536
2011/9/26,99.72898865
2011/9/27,102.3478622
2011/9/28,104.2789536
2011/9/29,107.0036469
2011/9/30,104.7551193
2011/10/3,102.8240204
2011/10/4,101.3955536
2011/10/5,102.6917572
2011/10/7,105.3635483
2011/10/10,105.8661499
2011/10/11,105.5751724
2011/10/12,107.9295197
2011/10/13,106.8184814
2011/10/14,108.564415
2011/10/17,108.8554001
2011/10/18,108.0617981
2011/10/19,109.5696182
2011/10/20,108.4850159
2011/10/21,107.9295197
2011/10/24,109.4902496
2011/10/25,111.6594238
2011/10/28,114.0137787
2011/10/31,112.7704773
2011/11/1,110.2044983
2011/11/2,110.7600174
2011/11/3,111.2097321
2011/11/4,111.2891006
2011/11/8,111.5271759
2011/11/9,112.162056
2011/11/11,112.5059433
2011/11/14,111.897522
2011/11/15,111.4478073
2011/11/16,112.4794922
2011/11/17,109.9135056
2011/11/18,106.7655716
2011/11/21,105.5222626
2011/11/22,103.802803
2011/11/23,102.2685165
2011/11/24,101.7394562
2011/11/25,101.7129822
2011/11/28,103.9350586
2011/11/29,104.7022018
2011/11/30,106.183609
2011/12/1,107.7443466
2011/12/2,109.2521896
2011/12/5,108.0088882
2011/12/7,108.4321442
2011/12/8,105.2841873
2011/12/9,104.3054199
2011/12/12,103.696991
2011/12/13,104.4112167
2011/12/14,105.7338943
2011/12/15,105.6016159
2011/12/16,103.5911789
2011/12/19,104.4906082
2011/12/20,105.4958191
2011/12/21,107.0036469
2011/12/22,107.7972565
2011/12/23,107.9295197
2011/12/26,108.4321442
2011/12/27,108.4850159
2011/12/28,106.8978424
2011/12/29,106.183609
2011/12/30,106.5010452
2012/1/2,105.0990219
2012/1/3,105.9984207
2012/1/4,105.5751724
2012/1/5,105.7074432
2012/1/6,106.9243011
2012/1/9,106.8713913
2012/1/10,108.5379486
2012/1/11,107.5591736
2012/1/12,108.4321442
2012/1/13,109.5431824
2012/1/16,110.627739
2012/1/17,110.2574158
2012/1/18,110.9981079
2012/1/19,110.6806793
2012/1/20,106.5010452
2012/1/23,108.2469635
2012/1/24,108.9612045
2012/1/25,109.0140915
2012/1/27,106.7655716
2012/1/30,106.2629547
2012/1/31,107.9030609
2012/2/1,106.6597519
2012/2/2,105.3106384
2012/2/3,106.1571426
2012/2/6,107.0830154
2012/2/7,108.7495804
2012/2/8,108.1676025
2012/2/9,107.8766098
2012/2/10,107.8237152
2012/2/13,107.2946396
2012/2/14,107.162384
2012/2/15,107.4798126
2012/2/16,107.9030609
2012/2/17,108.6966476
2012/2/21,109.7283401
2012/2/22,110.3367691
2012/2/23,110.3632278
2012/2/24,110.7864838
2012/2/27,112.3207855
2012/2/28,111.4742584
2012/2/29,109.8605957
2012/3/1,109.437355
2012/3/2,108.5908508
2012/3/5,109.5167084
2012/3/6,111.3155441
2012/3/7,111.0774384
2012/3/9,110.1780472
2012/3/12,109.4109116
2012/3/13,110.6013031
2012/3/14,112.4265823
2012/3/15,110.5219421
2012/3/16,114.357666
2012/3/19,116.6591034
2012/3/20,118.2992172
2012/3/21,118.4315033
2012/3/22,116.2358322
2012/3/23,117.6907959
2012/3/26,117.8230438
2012/3/27,119.5954285
2012/3/28,119.9922409
2012/3/29,118.8018341
2012/3/30,120.0451279
2012/4/2,120.071579
2012/4/3,120.1509247
2012/4/4,120.3096848
2012/4/9,118.537323
2012/4/10,121.3413239
2012/4/11,121.5529633
2012/4/12,124.1983032
2012/4/13,124.99189
2012/4/16,127.5314026
2012/4/17,130.2560883
2012/4/18,127.9017639
2012/4/19,129.1186066
2012/4/20,129.727066
2012/4/23,129.4889679
2012/4/24,129.6476746
2012/4/25,130.1238403
2012/4/26,131.7639618
2012/4/27,130.0444794
2012/4/30,129.8857574
2012/5/2,129.4096069
2012/5/3,127.8753128
2012/5/4,125.9971237
2012/5/7,125.0447998
2012/5/8,120.0451279
2012/5/9,126.9229889
2012/5/10,126.5790939
2012/5/11,123.9337997
2012/5/14,124.06604
2012/5/15,122.1349487
2012/5/16,120.2567749
2012/5/17,124.1983032
2012/5/18,126.7378159
2012/5/21,124.2512207
2012/5/22,123.1401825
2012/5/23,122.5846634
2012/5/24,123.4576187
2012/5/25,122.6640015
2012/5/28,124.3570175
2012/5/29,122.1613998
2012/5/30,122.6904678
2012/5/31,121.3413239
2012/6/1,123.7221375
2012/6/4,121.7381439
2012/6/5,119.5160751
2012/6/6,124.0924835
2012/6/7,125.0447998
2012/6/8,126.5526428
2012/6/11,129.2756653
2012/6/12,131.055069
2012/6/13,131.5942535
2012/6/14,131.9447479
2012/6/15,133.7241364
2012/6/18,131.1359406
2012/6/19,134.4790497
2012/6/20,132.672699
2012/6/21,135.5574799
2012/6/22,135.0721741
2012/6/25,134.8295135
2012/6/26,133.2118835
2012/6/27,133.6163025
2012/6/28,135.5035553
2012/6/29,139.6015472
2012/7/2,134.8295135
2012/7/3,132.9153442
2012/7/4,132.7266083
2012/7/5,135.1260834
2012/7/6,136.2854004
2012/7/9,135.6922302
2012/7/10,139.331955
2012/7/11,136.581955
2012/7/12,135.719223
2012/7/13,136.7167816
2012/7/16,135.9079437
2012/7/17,137.768219
2012/7/18,137.4716492
2012/7/19,137.0133362
2012/7/20,136.3392944
2012/7/23,134.5599365
2012/7/24,134.964325
2012/7/25,137.3638458
2012/7/26,134.506012
2012/7/27,137.4716492
2012/7/30,139.2240906
2012/7/31,139.1971436
2012/8/1,139.6824341
2012/8/2,140.976532
2012/8/3,139.8441772
2012/8/6,139.331955
2012/8/7,140.8956451
2012/8/8,141.0304413
2012/8/9,143.2142639
2012/8/10,144.3735504
2012/8/13,143.9152069
2012/8/14,144.400528
2012/8/16,139.3049927
2012/8/17,141.3270111
2012/8/21,140.5991058
2012/8/22,141.0843506
2012/8/23,142.4863281
2012/8/24,142.9715881
2012/8/27,143.0794373
2012/8/28,144.5892181
2012/8/29,145.2362823
2012/8/30,145.9102936
2012/8/31,144.3196259
2012/9/3,144.2926788
2012/9/4,143.6995239
2012/9/5,144.3735504
2012/9/6,140.4373169
2012/9/7,141.6775055
2012/9/10,142.7020111
2012/9/11,144.1309052
2012/9/12,145.2093048
2012/9/13,145.398056
2012/9/14,144.6431732
2012/9/17,136.6898041
2012/9/18,137.0672455
2012/9/20,138.2804565
2012/9/21,141.0574188
2012/9/24,137.9569244
2012/9/25,140.6260529
2012/9/26,142.2436676
2012/9/27,143.9421844
2012/9/28,146.8808899
2012/10/1,147.3392181
2012/10/3,145.7215881
2012/10/4,148.4445801
2012/10/5,148.633316
2012/10/8,149.7656555
2012/10/9,151.0058594
2012/10/10,151.5180664
2012/10/11,152.8661194
2012/10/12,152.8661194
2012/10/15,154.6185455
2012/10/16,154.4567566
2012/10/17,155.4273529
2012/10/18,157.2337036
2012/10/19,160.4150543
2012/10/22,158.5278168
2012/10/23,156.3709717
2012/10/25,157.4763489
2012/10/29,155.4273529
2012/10/30,153.189621
2012/10/31,152.3538513
2012/11/1,150.6014252
2012/11/2,152.704361
2012/11/5,155.6430511
2012/11/6,155.9126434
2012/11/7,156.3440247
2012/11/8,155.8317719
2012/11/9,155.3734283
2012/11/12,153.0278778
2012/11/15,149.064682
2012/11/16,148.0941162
2012/11/19,151.8955383
2012/11/20,151.2754364
2012/11/21,154.2680664
2012/11/22,155.8317719
2012/11/23,154.5376434
2012/11/26,154.8072815
2012/11/27,158.6626434
2012/11/29,160.6846619
2012/11/30,160.9542694
2012/12/3,159.6871033
2012/12/4,159.1479034
2012/12/5,160.6307526
2012/12/6,162.4909973
2012/12/7,162.5718994
2012/12/10,162.8145599
2012/12/11,163.5424652
2012/12/12,164.9713898
2012/12/13,159.201828
2012/12/14,159.5792999
2012/12/17,158.0155945
2012/12/18,158.0425415
2012/12/19,156.424881
2012/12/20,154.8072815
2012/12/21,154.7803192
2012/12/24,154.7803192
2012/12/26,156.6405945
2012/12/27,155.5082397
2012/12/28,156.0474701
2012/12/31,154.6454926
2013/1/1,154.8881683
2013/1/2,153.8906097
2013/1/3,152.8930664
2013/1/4,152.2729492
2013/1/7,150.466629
2013/1/8,154.0523682
2013/1/9,150.7092743
2013/1/10,151.5180664
2013/1/11,147.4200897
2013/1/14,149.8465576
2013/1/15,153.189621
2013/1/16,153.1357117
2013/1/17,153.8366699
2013/1/18,154.9960022
2013/1/21,157.2067566
2013/1/22,155.9126434
2013/1/23,157.8538361
2013/1/24,160.388092
2013/1/25,161.6282654
2013/1/28,162.1674957
2013/1/29,164.5400238
2013/1/30,164.0277863
2013/1/31,165.8880463
2013/2/1,166.8316498
2013/2/4,165.6723175
2013/2/5,163.084137
2013/2/6,164.3782654
2013/2/7,163.9468536
2013/2/8,162.7066956
2013/2/11,161.3047638
2013/2/12,161.7900391
2013/2/13,161.951828
2013/2/14,162.1674957
2013/2/15,162.0866089
2013/2/18,161.9248505
2013/2/19,162.652771
2013/2/20,161.7630768
2013/2/21,159.9297791
2013/2/22,157.4494019
2013/2/25,157.7999115
2013/2/26,156.8292999
2013/2/27,158.9591827
2013/2/28,158.9591827
2013/3/1,157.0449982
2013/3/4,157.7190094
2013/3/5,157.772934
2013/3/6,154.7803192
2013/3/7,157.6381226
2013/3/8,160.5228882
2013/3/11,160.4420166
2013/3/12,161.1430206
2013/3/13,162.652771
2013/3/14,162.7875671
2013/3/15,162.7875671
2013/3/18,164.054718
2013/3/19,165.16008
2013/3/20,165.6453857
2013/3/21,164.4591217
2013/3/22,164.7826691
2013/3/25,163.0571899
2013/3/26,165.187088
2013/3/28,166.8586273
2013/4/1,165.6453857
2013/4/2,165.6184387
2013/4/3,165.861084
2013/4/4,161.5204315
2013/4/5,157.0719604
2013/4/8,157.9077301
2013/4/9,154.8611908
2013/4/10,153.5940399
2013/4/11,153.8366699
2013/4/12,157.9346924
2013/4/15,161.7361145
2013/4/16,166.0498199
2013/4/17,168.8267517
2013/4/18,170.0130005
2013/4/22,170.9296722
2013/4/23,171.2531891
2013/4/25,172.4664154
2013/4/26,171.9541473
2013/4/29,175.0546265
2013/4/30,177.3193054
2013/5/2,179.8535919
2013/5/3,178.3168335
2013/5/6,175.8903809
2013/5/7,180.7972107
2013/5/8,184.8412933
2013/5/9,185.7579498
2013/5/10,190.4221039
2013/5/13,181.066803
2013/5/14,181.0937653
2013/5/15,184.6525726
2013/5/16,181.7138672
2013/5/17,180.5815277
2013/5/20,180.446701
2013/5/21,178.4786072
2013/5/22,180.9320068
2013/5/23,179.2874146
2013/5/24,177.8854828
2013/5/27,180.0423126
2013/5/28,183.3314819
2013/5/29,184.7603912
2013/5/30,191.0422211
2013/5/31,186.0342102
2013/6/3,183.9270477
2013/6/4,184.6111908
2013/6/5,182.8050385
2013/6/6,183.2976074
2013/6/7,182.7229156
2013/6/10,184.446991
2013/6/11,182.996582
2013/6/12,181.1630859
2013/6/13,178.9737854
2013/6/14,181.5735474
2013/6/17,181.6283112
2013/6/18,180.6978455
2013/6/19,180.5609894
2013/6/20,176.620285
2013/6/21,176.4287567
2013/6/24,172.0775299
2013/6/25,174.978363
2013/6/26,176.7571411
2013/6/27,176.0729675
2013/6/28,177.5233765
2013/7/1,178.3990936
2013/7/2,177.7970428
2013/7/3,178.6180267
2013/7/4,185.459549
2013/7/5,187.5119934
2013/7/8,189.7559967
2013/7/9,190.1664734
2013/7/10,189.1265717
2013/7/11,193.4230347
2013/7/12,191.890564
2013/7/15,192.985199
2013/7/16,197.0627441
2013/7/17,201.6054688
2013/7/18,201.7696686
2013/7/19,201.9886017
2013/7/22,201.8517761
2013/7/23,205.6556549
2013/7/24,205.6830139
2013/7/25,196.4333038
2013/7/26,201.4960327
2013/7/29,195.9133606
2013/7/30,191.890564
2013/7/31,187.0193787
2013/8/1,185.7605438
2013/8/2,182.2303314
2013/8/5,183.5713043
2013/8/6,180.7525787
2013/8/7,176.2919159
2013/8/8,178.070694
2013/8/12,183.7080994
2013/8/13,182.914505
2013/8/14,183.2702332
2013/8/16,175.3614807
2013/8/19,171.803894
2013/8/20,172.5701294
2013/8/21,164.6613464
2013/8/22,168.547348
2013/8/23,168.8483887
2013/8/26,168.3010254
2013/8/27,163.0467529
2013/8/28,163.2109375
2013/8/29,167.2337799
2013/8/30,168.9578094
2013/9/2,175.3614807
2013/9/3,164.5792389
2013/9/4,164.1140442
2013/9/5,170.8460693
2013/9/6,173.1721802
2013/9/10,183.8449554
2013/9/11,180.5883789
2013/9/12,184.1733093
2013/9/13,181.3546295
2013/9/16,182.7776794
2013/9/17,185.3774567
2013/9/18,188.0319519
2013/9/19,194.5450439
2013/9/20,194.4629822
2013/9/23,191.4800568
2013/9/24,190.9874573
2013/9/25,188.6887054
2013/9/26,191.1790314
2013/9/27,190.412796
2013/9/30,186.3078918
2013/10/1,187.730896
2013/10/3,185.4048004
2013/10/4,186.0068359
2013/10/7,186.1163025
2013/10/8,190.2759705
2013/10/9,190.7685394
2013/10/10,190.0022888
2013/10/11,187.2930756
2013/10/14,185.9794922
2013/10/15,186.0889435
2013/10/17,189.0992126
2013/10/18,194.0524597
2013/10/21,188.6613617
2013/10/22,186.9372864
2013/10/23,186.9646606
2013/10/24,187.5940857
2013/10/25,186.1163025
2013/10/28,179.4937286
2013/10/29,179.4663849
2013/10/30,182.312439
2013/10/31,183.3523407
2013/11/1,179.5484467
2013/11/5,174.5952454
2013/11/6,174.431015
2013/11/7,175.388855
2013/11/8,174.8962555
2013/11/11,173.3090363
2013/11/12,175.0877991
2013/11/13,171.9407196
2013/11/14,172.1049042
2013/11/18,178.4811859
2013/11/19,177.0581512
2013/11/20,175.5530243
2013/11/21,171.2839508
2013/11/22,168.9578094
2013/11/25,173.0627441
2013/11/26,170.0798187
2013/11/27,171.9407196
2013/11/28,171.5849609
2013/11/29,175.3614807
2013/12/2,175.9635162
2013/12/3,174.7046661
2013/12/4,171.2292023
2013/12/5,168.985199
2013/12/6,170.2440033
2013/12/9,171.3386536
2013/12/10,173.9931793
2013/12/11,175.6077576
2013/12/12,173.391098
2013/12/13,172.5701294
2013/12/16,171.2018433
2013/12/17,172.5701294
2013/12/18,172.7069855
2013/12/19,171.6670685
2013/12/20,172.5153961
2013/12/23,174.7046661
2013/12/24,174.6225739
2013/12/26,175.2793732
2013/12/27,176.4834747
2013/12/30,176.4561005
2013/12/31,176.1551056
2014/1/1,176.4561005
2014/1/2,172.3785553
2014/1/3,172.269104
2014/1/6,172.7617035
2014/1/7,173.33638
2014/1/8,173.4184875
2014/1/9,172.7343445
2014/1/10,176.565567
2014/1/13,178.1254272
2014/1/14,177.578125
2014/1/15,179.9863281
2014/1/16,178.1528015
2014/1/17,177.7970428
2014/1/20,180.7252045
2014/1/21,180.0958099
2014/1/22,179.1653595
2014/1/23,180.0410461
2014/1/24,177.4686432
2014/1/27,177.4412994
2014/1/28,178.7822113
2014/1/29,177.8791504
2014/1/30,177.6602173
2014/1/31,177.9338989
2014/2/3,175.3067474
2014/2/4,177.8244171
2014/2/5,174.5678711
2014/2/6,177.632843
2014/2/7,177.0308075
2014/2/10,177.8791504
2014/2/11,177.9338989
2014/2/12,175.4435425
2014/2/13,173.4458618
2014/2/14,175.0330811
2014/2/17,175.1972809
2014/2/18,173.4458618
2014/2/19,173.3090363
2014/2/20,170.6818695
2014/2/21,173.8289948
2014/2/24,175.1699066
2014/2/25,176.2098083
2014/2/26,179.9316101
2014/2/28,179.3295288
2014/3/3,180.1779022
2014/3/4,181.5188293
2014/3/5,182.4219055
2014/3/6,183.1060486
2014/3/7,185.0764313
2014/3/10,183.6807404
2014/3/11,182.8050385
2014/3/12,186.6362762
2014/3/13,187.9498444
2014/3/14,190.0296478
2014/3/18,194.7913666
2014/3/19,196.87117
2014/3/20,194.7366028
2014/3/21,195.7765198
2014/3/24,197.3911285
2014/3/25,198.5678558
2014/3/26,196.5153961
2014/3/27,196.9806213
2014/3/28,196.1870117
2014/3/31,193.1220398
2014/4/1,192.629425
2014/4/2,188.4697876
2014/4/3,189.3181458
2014/4/4,188.6887054
2014/4/7,189.0718536
2014/4/9,190.440155
2014/4/10,188.1961365
2014/4/11,188.0045776
2014/4/15,186.6089172
2014/4/16,189.400238
2014/4/17,193.3409424
2014/4/21,193.4230347
2014/4/22,191.9726257
2014/4/23,193.3135834
2014/4/24,193.3135834
2014/4/25,187.9772034
2014/4/28,187.1835938
2014/4/29,186.2531281
2014/4/30,186.4994507
2014/5/2,186.2257996
2014/5/5,188.6613617
2014/5/6,190.440155
2014/5/7,189.7286377
2014/5/8,187.265686
2014/5/9,189.1265717
2014/5/12,196.5701447
2014/5/13,197.5005798
2014/5/14,200.1277008
2014/5/15,201.4960327
2014/5/16,195.3660126
2014/5/19,185.0490417
2014/5/20,186.554184
2014/5/21,186.9920502
2014/5/22,189.2634277
2014/5/23,187.7856445
2014/5/26,188.6339722
2014/5/27,188.1687622
2014/5/28,187.6488342
2014/5/29,187.4572601
2014/5/30,187.0467529
2014/6/2,184.2554169
2014/6/3,185.7878571
2014/6/4,184.4226074
2014/6/5,185.9829102
2014/6/6,187.6268005
2014/6/9,188.3233643
2014/6/10,187.9890289
2014/6/11,185.732132
2014/6/12,186.1779785
2014/6/13,185.3420868
2014/6/16,187.3481598
2014/6/17,187.2646027
2014/6/18,185.5370941
2014/6/19,187.3760376
2014/6/20,187.0695496
2014/6/23,175.506546
2014/6/24,178.5993347
2014/6/25,176.1195526
2014/6/26,176.2309875
2014/6/27,178.1813812
2014/6/30,181.1348267
2014/7/1,181.2184143
2014/7/2,183.5310211
2014/7/3,184.6455078
2014/7/4,185.7878571
2014/7/7,186.5680084
2014/7/8,187.1252899
2014/7/9,190.3016052
2014/7/10,190.6638336
2014/7/11,192.75354
2014/7/14,192.2241364
2014/7/15,190.7752838
2014/7/16,191.8061981
2014/7/17,191.8340912
2014/7/18,191.7504578
2014/7/21,194.9546814
2014/7/22,196.6542969
2014/7/23,197.0722198
2014/7/24,198.6325226
2014/7/25,199.1062012
2014/7/28,199.0504761
2014/7/30,200.1928406
2014/7/31,198.4096375
2014/8/1,194.7875061
2014/8/4,197.5458984
2014/8/5,198.3817596
2014/8/6,192.8370972
2014/8/7,192.9485626
2014/8/8,194.2302551
2014/8/11,193.7566071
2014/8/12,193.3943787
2014/8/13,199.1062012
2014/8/14,198.855423
2014/8/18,195.4004517
2014/8/19,194.2580872
2014/8/20,192.2241364
2014/8/21,192.8928375
2014/8/22,191.4997101
2014/8/25,194.6481781
2014/8/26,196.4035339
2014/8/27,196.3478088
2014/8/28,197.9917145
2014/9/1,195.3447571
2014/9/2,197.6573639
2014/9/3,194.4252777
2014/9/4,195.2611694
2014/9/5,195.4840698
2014/9/8,197.2393951
2014/9/9,199.6077271
2014/9/10,195.6233826
2014/9/11,195.706955
2014/9/12,198.1867523
2014/9/15,195.9855804
2014/9/16,196.7935944
2014/9/17,197.6852112
2014/9/18,199.8863525
2014/9/19,200.2764282
2014/9/22,206.6012726
2014/9/23,206.6291351
2014/9/24,210.1955109
2014/9/25,209.8890381
2014/9/26,207.1306305
2014/9/29,204.0100098
2014/9/30,206.2947388
2014/10/1,202.8955231
2014/10/7,202.1432343
2014/10/8,203.7871399
2014/10/9,203.6756744
2014/10/10,196.7657318
2014/10/13,195.3447571
2014/10/14,193.3665161
2014/10/15,193.3665161
2014/10/16,196.4035339
2014/10/17,197.2393951
2014/10/20,196.152771
2014/10/21,195.7905579
2014/10/22,194.4810181
2014/10/27,194.7875061
2014/10/28,195.1218414
2014/10/29,197.5180206
2014/10/30,197.7687836
2014/10/31,197.9359741
2014/11/3,198.0752869
2014/11/5,200.1371307
2014/11/7,198.1867523
2014/11/10,207.1306305
2014/11/11,202.8955231
2014/11/12,205.9046783
2014/11/13,205.2638245
2014/11/14,205.7374878
2014/11/17,206.2947388
2014/11/18,206.3226013
2014/11/19,204.9852295
2014/11/20,206.2111359
2014/11/21,209.6104126
2014/11/24,208.9416962
2014/11/25,198.0474243
2014/11/26,202.5054321
2014/11/27,200.9451141
2014/11/28,202.3661499
2014/12/1,203.1741333
2014/12/2,203.8428497
2014/12/3,202.4218597
2014/12/4,213.5111542
2014/12/5,218.0806427
2014/12/8,221.6749115
2014/12/9,219.7523956
2014/12/10,220.114624
2014/12/11,221.0062103
2014/12/12,220.5046539
2014/12/15,218.7493744
2014/12/16,212.0901642
2014/12/17,207.1863556
2014/12/18,208.8859711
2014/12/19,205.5146027
2014/12/22,208.4680328
2014/12/23,208.7745361
2014/12/24,206.9634705
2014/12/26,205.0409393
2014/12/29,206.0997314
2014/12/30,205.2359772
2014/12/31,205.4588776
2015/1/1,204.5951385
2015/1/2,205.2359772
2015/1/5,206.0439758
2015/1/6,200.7500763
2015/1/7,197.0164948
2015/1/8,201.9481812
2015/1/9,198.8832855
2015/1/12,199.4126892
2015/1/13,200.6665039
2015/1/14,193.8123169
2015/1/15,199.4405518
2015/1/16,200.6665039
2015/1/19,199.9420624
2015/1/20,206.7962799
2015/1/21,196.5428467
2015/1/22,195.4004517
2015/1/23,194.731781
2015/1/27,200.6943665
2015/1/28,201.8924561
2015/1/29,206.2947388
2015/1/30,205.3752899
2015/2/2,200.9730072
2015/2/3,203.9821777
2015/2/4,204.8459015
2015/2/5,205.5703125
2015/2/6,208.1336823
2015/2/9,205.0130768
2015/2/10,206.1276093
2015/2/11,206.8241577
2015/2/12,206.4062042
2015/2/13,210.6691895
2015/2/16,217.1054535
2015/2/18,219.1394043
2015/2/19,216.9104309
2015/2/20,220.699707
2015/2/23,217.4676666
2015/2/24,220.5046539
2015/2/25,222.7337036
2015/2/26,220.4768219
2015/2/27,219.3901825
2015/3/2,191.2767792
2015/3/3,190.329483
2015/3/4,191.8340912
2015/3/5,192.9485626
2015/3/9,188.5462646
2015/3/10,188.6577148
2015/3/11,188.462677
2015/3/12,193.1714478
2015/3/13,189.1313782
2015/3/16,186.9024048
2015/3/17,189.465744
2015/3/18,187.598938
2015/3/19,185.7600098
2015/3/20,182.472229
2015/3/23,182.4443817
2015/3/24,181.9707031
2015/3/25,182.0821533
2015/3/26,179.6580963
2015/3/27,176.9275513
2015/3/30,182.5279541
2015/3/31,181.5806274
2015/4/1,185.2584839
2015/4/6,190.0230103
2015/4/7,189.8000793
2015/4/8,192.9485626
2015/4/9,193.4501038
2015/4/10,193.1714478
2015/4/13,195.8741302
2015/4/15,197.7966614
2015/4/16,195.0939789
2015/4/17,196.0691528
2015/4/20,190.5245209
2015/4/21,190.5523834
2015/4/22,191.3603973
2015/4/23,190.6359863
2015/4/24,193.8958893
2015/4/27,192.1684113
2015/4/28,188.1004791
2015/4/29,182.8623047
2015/4/30,179.6302338
2015/5/4,184.0046692
2015/5/5,181.8035126
2015/5/6,177.4012604
2015/5/7,179.741684
2015/5/8,182.7787018
2015/5/11,181.9149933
2015/5/12,180.6890106
2015/5/13,182.6951447
2015/5/14,180.9397736
2015/5/15,181.8871155
2015/5/18,185.5649719
2015/5/19,185.314209
2015/5/20,184.9798737
2015/5/21,182.4443817
2015/5/22,183.4195557
2015/5/25,176.5374756
2015/5/26,174.9771729
2015/5/27,177.0390015
2015/5/28,179.1287079
2015/5/29,182.2771759
2015/6/1,185.0355835
2015/6/2,177.5684052
2015/6/3,173.0212097
2015/6/4,171.4296722
2015/6/5,172.9643555
2015/6/8,172.9927826
2015/6/9,170.8612671
2015/6/10,171.1454926
2015/6/11,168.8434753
2015/6/12,169.127655
2015/6/15,169.6676331
2015/6/16,169.9234009
2015/6/17,171.1454926
2015/6/18,171.6001892
2015/6/19,173.3622437
2015/6/22,176.4316101
2015/6/23,178.790451
2015/6/24,178.2789154
2015/6/25,177.5399933
2015/6/26,175.0390167
2015/6/29,176.1758118
2015/6/30,179.1315155
2015/7/1,178.250473
2015/7/2,179.0746918
2015/7/3,179.3872833
2015/7/6,180.9788055
2015/7/7,180.3819885
2015/7/8,177.8810272
2015/7/9,176.5452881
2015/7/10,176.1474152
2015/7/13,178.8188934
2015/7/14,177.5115509
2015/7/15,178.477829
2015/7/16,180.7230072
2015/7/17,183.1956024
2015/7/20,182.1724548
2015/7/21,178.1368103
2015/7/22,178.7620392
2015/7/23,179.1031036
2015/7/24,178.790451
2015/7/27,177.1420898
2015/7/28,176.8863068
2015/7/29,172.793808
2015/7/30,179.5862274
2015/7/31,185.2986603
2015/8/3,188.4532776
2015/8/4,187.5153961
2015/8/5,188.5953827
2015/8/6,185.4407349
2015/8/7,184.4176331
2015/8/10,182.4282074
2015/8/11,181.9450836
2015/8/12,180.0409393
2015/8/13,179.8135681
2015/8/14,180.8367004
2015/8/17,180.1262054
2015/8/18,178.960968
2015/8/19,180.1262054
2015/8/20,187.2028046
2015/8/21,187.9985657
2015/8/24,182.0019379
2015/8/25,181.8314056
2015/8/26,180.552475
2015/8/27,185.1281281
2015/8/28,185.8670654
2015/8/31,184.815506
2015/9/1,179.3020172
2015/9/2,181.9450836
2015/9/3,181.8882446
2015/9/4,180.2398834
2015/9/7,178.1652069
2015/9/8,177.8526001
2015/9/9,178.7052002
2015/9/10,178.1083832
2015/9/11,178.3357544
2015/9/14,178.2789154
2015/9/15,180.2114563
2015/9/16,183.1103058
2015/9/18,180.7514496
2015/9/21,178.6199493
2015/9/22,177.4263
2015/9/23,179.6714783
2015/9/24,183.337677
2015/9/28,181.4619446
2015/9/29,182.1156158
2015/9/30,186.8901825
2015/10/1,186.8617706
2015/10/5,187.2880707
2015/10/6,194.8762207
2015/10/7,197.377182
2015/10/8,192.7447052
2015/10/9,195.2172394
2015/10/12,193.6825714
2015/10/13,195.5582886
2015/10/14,195.5867004
2015/10/15,198.5992279
2015/10/16,198.2866058
2015/10/19,199.5086823
2015/10/20,198.1729279
2015/10/21,198.1161041
2015/10/23,203.6864014
2015/10/26,202.6348724
2015/10/27,202.3506622
2015/10/28,201.8959503
2015/10/29,198.9402618
2015/10/30,190.2153168
2015/11/2,191.6647644
2015/11/3,190.3289795
2015/11/4,190.812149
2015/11/5,191.6363068
2015/11/6,191.9489594
2015/11/9,194.9898834
2015/11/10,191.4089661
2015/11/13,187.4585724
2015/11/16,192.2899933
2015/11/17,198.4287262
2015/11/18,197.7182007
2015/11/19,200.1054993
2015/11/20,195.7856598
2015/11/23,191.693161
2015/11/24,190.9258423
2015/11/26,194.8478088
2015/11/27,195.7288055
2015/11/30,196.7519226
2015/12/1,196.8087769
2015/12/2,198.5992279
2015/12/3,195.1604004
2015/12/4,190.9542542
2015/12/7,178.2220612
2015/12/8,178.9041443
2015/12/9,180.4104309
2015/12/10,182.5987396
2015/12/11,182.4566498
2015/12/14,181.9450836
2015/12/15,183.565033
2015/12/16,181.4619446
2015/12/17,182.1724548
2015/12/18,180.2398834
2015/12/21,185.6112671
2015/12/22,182.0303497
2015/12/23,182.7408295
2015/12/24,183.9913635
2015/12/28,185.4123077
2015/12/29,184.6449738
2015/12/30,185.6112671
2015/12/31,186.3217621
2016/1/1,186.1512451
2016/1/4,184.7871094
2016/1/5,184.6449738
2016/1/6,179.1031036
2016/1/7,175.9768829
2016/1/8,178.2789154
2016/1/11,179.6430664
2016/1/12,179.1315155
2016/1/13,179.4725494
2016/1/14,180.3251495
2016/1/15,178.4210052
2016/1/18,179.2736053
2016/1/19,178.5062561
2016/1/20,175.6074371
2016/1/21,174.1579895
2016/1/22,175.4937286
2016/1/25,175.8631897
2016/1/27,177.8810272
2016/1/28,181.0640717
2016/1/29,182.0019379
2016/2/1,184.58815
2016/2/2,184.3039398
2016/2/3,182.9966278
2016/2/4,182.911377
2016/2/5,184.1334229
2016/2/8,179.1883698
2016/2/9,177.5684052
2016/2/10,175.635849
2016/2/11,169.6960602
2016/2/12,170.5770721
2016/2/15,172.623291
2016/2/16,167.9624176
2016/2/17,170.4349823
2016/2/18,173.6180115
2016/2/19,173.1064606
2016/2/22,170.4349823
2016/2/23,166.9961548
2016/2/24,163.4720459
2016/2/25,162.6763
2016/2/26,165.3761902
2016/2/29,168.047699
2016/3/1,184.9291687
2016/3/2,181.6324615
2016/3/3,180.8367004
2016/3/4,179.1599274
2016/3/8,182.0303497
2016/3/9,181.8314056
2016/3/10,179.6714783
2016/3/11,182.6271667
2016/3/14,184.7586975
2016/3/15,179.8988495
2016/3/16,183.0534668
2016/3/17,183.9629211
2016/3/18,184.58815
2016/3/21,188.3964233
2016/3/22,183.6786957
2016/3/23,184.3039398
2016/3/28,183.2808228
2016/3/29,181.8882446
2016/3/30,186.0660095
2016/3/31,186.5775452
2016/4/1,191.0110931
2016/4/4,187.9701385
2016/4/5,185.5544434
2016/4/6,185.2418213
2016/4/7,181.5756226
2016/4/8,182.5703125
2016/4/11,186.0091705
2016/4/12,183.2524109
2016/4/13,188.2827454
2016/4/18,190.6416473
2016/4/20,190.6984711
2016/4/21,187.5438385
2016/4/22,185.184967
2016/4/25,182.4282074
2016/4/26,186.0944366
2016/4/27,189.5900879
2016/4/28,183.5366058
2016/4/29,184.701828
2016/5/2,182.5419159
2016/5/3,179.6430664
2016/5/4,177.7104797
2016/5/5,180.552475
2016/5/6,180.5809174
2016/5/9,184.6165619
2016/5/10,183.877655
2016/5/11,180.7514496
2016/5/12,180.8651276
2016/5/13,181.5187683
2016/5/16,187.2312164
2016/5/17,187.8564453
2016/5/18,189.1069336
2016/5/19,184.6449738
2016/5/20,187.7711945
2016/5/23,197.149826
2016/5/24,197.8318787
2016/5/25,202.3790894
2016/5/26,206.0168457
2016/5/27,204.2263947
2016/5/30,203.7691193
2016/5/31,200.654007
2016/6/1,206.5698853
2016/6/2,204.6265106
2016/6/3,202.28302
2016/6/6,203.2546997
2016/6/7,207.3415222
2016/6/8,207.3701019
2016/6/9,202.3973389
2016/6/10,200.4539337
2016/6/13,199.9966888
2016/6/14,201.9400787
2016/6/15,205.5124664
2016/6/16,202.854599
2016/6/17,205.6839142
2016/6/20,204.6550903
2016/6/21,204.9122925
2016/6/22,202.7402802
2016/6/23,205.9125519
2016/6/24,202.3973389
2016/6/27,205.1695099
2016/6/28,210.6281281
2016/6/29,209.3706512
2016/6/30,210.5709686
2016/7/1,216.3582306
2016/7/4,209.9707794
2016/7/5,208.8133392
2016/7/7,211.771286
2016/7/8,210.7852936
2016/7/11,213.6146393
2016/7/12,212.9716187
2016/7/13,211.8570099
2016/7/14,213.2288208
2016/7/15,213.3574219
2016/7/18,213.4002838
2016/7/19,213.5288849
2016/7/20,214.5577393
2016/7/21,214.8578339
2016/7/22,214.2148132
2016/7/25,215.843811
2016/7/26,215.843811
2016/7/27,212.1142273
2016/7/28,218.0301056
2016/7/29,216.4439545
2016/8/1,214.8578339
2016/8/2,223.6030273
2016/8/3,216.6582947
2016/8/4,216.1438904
2016/8/5,216.5297241
2016/8/8,214.3005371
2016/8/9,212.3285522
2016/8/10,211.3425903
2016/8/11,215.7580719
2016/8/12,217.8586426
2016/8/16,218.7160187
2016/8/17,217.5156708
2016/8/18,216.1867523
2016/8/19,215.1579132
2016/8/22,217.8586426
2016/8/23,215.5437164
2016/8/24,214.5577393
2016/8/25,217.3013458
2016/8/26,217.6014252
2016/8/29,216.7440491
2016/8/30,220.6022339
2016/8/31,222.9600067
2016/9/1,223.7745209
2016/9/2,225.4035339
2016/9/6,225.1463165
2016/9/7,225.3177643
2016/9/8,227.1182556
2016/9/9,221.4595947
2016/9/12,216.272522
2016/9/14,215.9295502
2016/9/15,219.4019165
2016/9/16,223.2172089
2016/9/19,221.9311676
2016/9/20,220.3021393
2016/9/21,217.4728088
2016/9/22,218.8446045
2016/9/23,217.3013458
2016/9/26,212.671524
2016/9/27,210.7852936
2016/9/28,211.7284241
2016/9/29,210.6566925
2016/9/30,206.927124
2016/10/3,207.7416229
2016/10/4,206.7985077
2016/10/5,205.9411316
2016/10/6,203.5404816
2016/10/7,204.8694153
2016/10/10,205.8553925
2016/10/13,204.8694153
2016/10/14,205.6839142
2016/10/17,206.2841034
2016/10/18,210.871048
2016/10/19,205.298111
2016/10/20,205.2123871
2016/10/21,205.8982544
2016/10/24,206.927124
2016/10/25,204.6979523
2016/10/26,204.6979523
2016/10/27,208.427536
2016/10/28,208.427536
2016/11/1,205.7268066
2016/11/2,203.4547577
2016/11/3,206.026886
2016/11/4,213.5288849
2016/11/7,219.9163513
2016/11/8,219.1447144
2016/11/9,212.7572632
2016/11/10,215.2436523
2016/11/11,208.2989197
2016/11/15,203.6262512
2016/11/16,197.9675751
2016/11/17,198.4820099
2016/11/18,195.3525848
2016/11/21,192.2231598
2016/11/22,193.8521881
2016/11/23,192.6089783
2016/11/24,191.6230011
2016/11/25,196.1670837
2016/11/28,200.3682251
2016/11/29,198.0961761
2016/11/30,199.3393707
2016/12/1,200.1967316
2016/12/2,195.9098816
2016/12/5,199.3822174
2016/12/6,197.3674011
2016/12/7,194.7952728
2016/12/8,200.0252838
2016/12/9,202.4687805
2016/12/12,199.1678925
2016/12/13,202.0400848
2016/12/14,199.8966217
2016/12/15,196.938736
2016/12/16,194.0665283
2016/12/19,194.6238098
2016/12/20,197.1530609
2016/12/21,194.0236511
2016/12/22,195.0953522
2016/12/23,192.6518402
2016/12/26,192.9090576
2016/12/27,200.6683044
2016/12/28,201.8686066
2016/12/29,202.3401642
2016/12/30,207.1843262
2017/1/2,206.5841827
2017/1/3,208.6418762
2017/1/4,210.442337
2017/1/5,211.5569305
2017/1/6,208.0845642
2017/1/9,210.7852936
2017/1/10,213.443161
2017/1/11,212.2428589
2017/1/12,209.756424
2017/1/13,214.0433197
2017/1/16,213.3145599
2017/1/17,216.0153046
2017/1/18,215.0721893
2017/1/19,217.9015045
2017/1/20,218.9732208
2017/1/23,222.6170502
2017/1/24,222.788559
2017/1/25,227.6326904
2017/1/27,220.6879578
2017/1/30,219.5733643
2017/1/31,221.288147
2017/2/1,231.2336426
2017/2/2,235.1775818
2017/2/3,234.1058502
2017/2/6,237.3210297
2017/2/7,237.5782318
2017/2/8,235.6062622
2017/2/9,238.0497742
2017/2/10,234.3630829
2017/2/13,232.0052795
2017/2/14,232.1767731
2017/2/15,234.4059296
2017/2/16,228.6186676
2017/2/17,229.9047241
2017/2/20,228.1042328
2017/2/21,225.6178741
2017/2/22,225.8751068
2017/2/23,227.7613068
2017/2/27,226.8610687
2017/2/28,224.8033752
2017/3/1,230.2048035
2017/3/2,226.9896545
2017/3/3,224.2460327
2017/3/6,226.432373
2017/3/7,226.5609894
2017/3/8,226.475235
2017/3/9,227.1611481
2017/3/10,225.8751068
2017/3/14,229.0044861
2017/3/15,229.9476013
2017/3/16,230.1619568
2017/3/17,241.1363525
2017/3/20,241.6936188
2017/3/21,246.8378448
2017/3/22,239.9360046
2017/3/23,238.0069427
2017/3/24,240.9219818
2017/3/27,241.4364014
2017/3/28,240.4933014
2017/3/29,242.8082428
2017/3/30,242.4223785
2017/3/31,240.3218079
2017/4/3,241.3935394
2017/4/5,239.1643829
2017/4/6,235.0061188
2017/4/7,233.7628937
2017/4/10,234.5345459
2017/4/11,241.8222198
2017/4/12,241.6936188
2017/4/13,239.3358459
2017/4/17,239.292984
2017/4/18,239.2500763
2017/4/19,238.9500275
2017/4/20,239.6359253
2017/4/21,235.220459
2017/4/24,237.2781525
2017/4/25,241.1791992
2017/4/26,249.4099579
2017/4/27,245.0373535
2017/4/28,238.3498688
2017/5/2,239.3787231
2017/5/3,237.7068176
2017/5/4,241.0934601
2017/5/5,237.6210785
2017/5/8,234.0201263
2017/5/9,232.7769165
2017/5/10,234.8775024
2017/5/11,237.1923828
2017/5/12,235.7348633
2017/5/15,238.3070221
2017/5/16,243.0225525
2017/5/17,241.4792786
2017/5/18,238.2641296
2017/5/19,245.3803406
2017/5/22,260.2986145
2017/5/23,257.3406982
2017/5/24,257.1263428
2017/5/25,257.2549438
2017/5/26,265.0141907
2017/5/29,270.8014526
2017/5/30,267.0290527
2017/5/31,267.329071
2017/6/1,269.3867798
2017/6/2,273.6736755
2017/6/5,276.2846375
2017/6/6,270.7145386
2017/6/7,271.7589111
2017/6/8,271.1932068
2017/6/9,266.3193665
2017/6/12,264.9268799
2017/6/13,265.666687
2017/6/14,260.9669495
2017/6/15,262.7510986
2017/6/16,267.0156555
2017/6/19,270.5840149
2017/6/20,268.6693115
2017/6/21,268.8869019
2017/6/22,270.9320984
2017/6/23,270.6710205
2017/6/27,271.8459778
2017/6/28,268.3647156
2017/6/29,271.1932068
2017/6/30,281.6806335
2017/7/3,298.0862732
2017/7/4,293.5170898
2017/7/5,288.1210327
2017/7/6,293.3865356
2017/7/7,290.949585
2017/7/10,290.0792847
2017/7/11,287.5553589
2017/7/12,286.2063599
2017/7/13,294.8225098
2017/7/14,293.4300537
2017/7/17,282.986145
2017/7/18,247.6509247
2017/7/19,253.656189
2017/7/20,251.9590607
2017/7/21,251.4368744
2017/7/24,255.2227936
2017/7/25,253.6126862
2017/7/26,255.5708618
2017/7/27,251.1322479
2017/7/28,253.7431793
2017/7/31,248.2601624
2017/8/1,250.5230103
2017/8/2,248.4342346
2017/8/3,244.9094086
2017/8/4,244.3437195
2017/8/7,243.5604095
2017/8/8,238.5995483
2017/8/9,237.4681549
2017/8/10,237.68573
2017/8/11,236.2931824
2017/8/14,236.0756378
2017/8/16,242.9947205
2017/8/17,243.690979
2017/8/18,245.3010864
2017/8/21,245.0834808
2017/8/22,246.21492
2017/8/23,245.9102936
2017/8/24,244.9529266
2017/8/28,245.8232727
2017/8/29,243.9085236
2017/8/30,245.4316254
2017/8/31,245.6491699
2017/9/1,246.8241425
2017/9/4,246.3889923
2017/9/5,246.1713867
2017/9/6,239.9486084
2017/9/7,235.3358459
2017/9/8,237.0329895
2017/9/11,238.1208954
2017/9/12,241.6456909
2017/9/13,236.2931824
2017/9/14,236.7283783
2017/9/15,234.378479
2017/9/18,232.3767242
2017/9/19,233.1165161
2017/9/20,236.3367004
2017/9/21,234.5960693
2017/9/22,233.6387177
2017/9/25,228.2427063
2017/9/26,228.4167633
2017/9/27,224.9789886
2017/9/28,227.6334381
2017/9/29,224.8049011
2017/10/3,227.5029144
2017/10/4,232.7248688
2017/10/5,230.8536682
2017/10/6,231.6369629
2017/10/9,233.2470703
2017/10/10,231.680481
2017/10/11,230.9842072
2017/10/12,232.3767242
2017/10/13,231.4629059
2017/10/16,232.8119049
2017/10/17,232.5943146
2017/10/18,235.2923431
2017/10/19,234.6831055
2017/10/23,232.4202423
2017/10/24,232.3767242
2017/10/25,234.3349915
2017/10/26,233.5951691
2017/10/27,234.4219818
2017/10/30,230.7666473
2017/10/31,231.2453461
2017/11/1,234.8571777
2017/11/2,231.2017975
2017/11/3,230.9842072
2017/11/6,230.549057
2017/11/7,230.8971863
2017/11/8,230.9842072
2017/11/9,226.3279724
2017/11/10,227.7640381
2017/11/13,224.8049011
2017/11/14,223.2818451
2017/11/15,220.4532928
2017/11/16,222.0198822
2017/11/17,224.543808
2017/11/20,225.5882263
2017/11/21,222.6290894
2017/11/22,224.6743469
2017/11/23,224.6743469
2017/11/24,226.9372101
2017/11/27,225.6317139
2017/11/28,223.6734924
2017/11/29,224.587326
2017/11/30,222.8466797
2017/12/1,222.1069031
2017/12/4,222.0198822
2017/12/5,220.9319916
2017/12/6,218.9737396
2017/12/7,220.4968109
2017/12/8,228.1992035
2017/12/11,231.723999
2017/12/12,227.6334381
2017/12/13,225.4141388
2017/12/14,229.9833527
2017/12/15,230.2879639
2017/12/18,229.069519
2017/12/19,229.9833527
2017/12/20,229.1565399
2017/12/21,228.9389343
2017/12/22,228.9824829
2017/12/26,229.8963165
2017/12/27,228.1556549
2017/12/28,227.8945618
2017/12/29,229.1130371
2018/1/1,228.2862244
2018/1/2,226.9372101
2018/1/3,227.2853241
2018/1/4,227.6334381
2018/1/5,228.8084106
2018/1/8,231.1582947
2018/1/9,235.4663696
2018/1/10,234.4654999
2018/1/11,234.8136444
2018/1/12,232.8554077
2018/1/15,232.8989258
2018/1/16,227.7640381
2018/1/17,231.5499115
2018/1/18,237.9468079
2018/1/19,238.9476776
2018/1/22,238.1644135
2018/1/23,240.731842
2018/1/24,244.9529266
2018/1/25,244.7788849
2018/1/29,239.9050598
2018/1/30,239.5134277
2018/1/31,236.2061615
2018/2/1,239.6004333
2018/2/2,239.6439362
2018/2/5,243.0382385
2018/2/6,238.0338593
2018/2/7,239.4698944
2018/2/8,238.5560608
2018/2/9,236.1626587
2018/2/12,234.8571777
2018/2/14,231.9415741
2018/2/15,233.3340912
2018/2/16,231.8980865
2018/2/19,229.8528137
2018/2/20,229.1130371
2018/2/21,233.4211273
2018/2/22,232.4637756
2018/2/23,234.1608887
2018/2/26,231.9850922
2018/2/27,231.854538
2018/2/28,230.6795959
2018/3/1,229.7657623
2018/3/5,226.5020447
2018/3/6,223.2383423
2018/3/7,226.1974335
2018/3/8,225.2835999
2018/3/9,225.6317139
2018/3/12,235.0747528
2018/3/13,234.5090485
2018/3/14,233.2905731
2018/3/15,231.1147614
2018/3/16,226.7196198
2018/3/19,225.5446777
2018/3/20,225.5882263
2018/3/21,225.4576569
2018/3/22,224.8049011
2018/3/23,222.8031616
2018/3/26,224.6308594
2018/3/27,225.3271332
2018/3/28,222.3679962
2018/4/2,224.7613983
2018/4/3,224.9789886
2018/4/4,225.0660248
2018/4/5,225.9798431
2018/4/6,227.0242462
2018/4/9,231.3323364
2018/4/10,232.1156616
2018/4/11,230.7666473
2018/4/12,227.9816132
2018/4/13,226.9372101
2018/4/16,230.1574249
2018/4/17,232.8989258
2018/4/18,239.6439362
2018/4/19,241.3845978
2018/4/20,240.383728
2018/4/23,239.7745056
2018/4/24,240.2096558
2018/4/25,238.5560608
2018/4/26,242.1679077
2018/4/27,243.1687622
2018/4/30,244.9529266
2018/5/2,250.0008087
2018/5/3,248.0426178
2018/5/4,241.2105103
2018/5/7,245.6491699
2018/5/8,246.0408478
2018/5/9,245.692688
2018/5/10,243.8215027
2018/5/11,246.8676605
2018/5/14,247.868515
2018/5/15,245.3010864
2018/5/16,248.7823486
2018/5/17,242.7771454
2018/5/18,245.692688
2018/5/21,245.7362213
2018/5/22,242.6030579
2018/5/23,237.9903412
2018/5/24,239.2088013
2018/5/25,241.5148315
2018/5/28,244.1756744
2018/5/29,243.0670013
2018/5/30,241.1600647
2018/5/31,240.9383392
2018/6/1,239.430542
2018/6/4,238.4992371
2018/6/5,237.2575073
2018/6/6,239.8296509
2018/6/7,240.4061432
2018/6/8,237.6122894
2018/6/11,238.8096924
2018/6/12,239.6965942
2018/6/13,237.5679474
2018/6/14,237.0357819
2018/6/15,234.5966949
2018/6/18,234.6410217
2018/6/19,235.9714355
2018/6/20,233.9314728
2018/6/21,231.3593292
2018/6/22,235.1732025
2018/6/25,232.911499
2018/6/26,234.8627625
2018/6/27,233.0445251
2018/6/28,231.0489044
2018/6/29,236.1044922
2018/7/2,233.3106079
2018/7/3,235.4393005
2018/7/4,234.5079803
2018/7/5,241.6922455
2018/7/6,241.8252716
2018/7/9,243.3774261
2018/7/10,245.7277985
2018/7/11,244.5747833
2018/7/12,245.8608856
2018/7/13,239.8296509
2018/7/16,240.8939972
2018/7/17,239.3418427
2018/7/18,238.188797
2018/7/19,242.4017944
2018/7/20,243.0226593
2018/7/23,252.0251465
2018/7/24,253.3555603
2018/7/25,253.7990265
2018/7/26,254.7303162
2018/7/27,268.3448792
2018/7/30,267.0144958
2018/7/31,264.0432434
2018/8/1,267.5022888
2018/8/2,265.3736572
2018/8/3,269.5866394
2018/8/6,267.6796875
2018/8/7,267.0588684
2018/8/8,266.9257813
2018/8/9,268.3005371
2018/8/10,270.3405151
2018/8/13,271.3604736
2018/8/14,273.0900574
2018/8/16,272.6909485
2018/8/17,278.2786865
2018/8/20,277.8795471
2018/8/21,277.5247498
2018/8/23,276.7265015
2018/8/24,275.3074036
2018/8/27,277.9682312
2018/8/28,276.4160767
2018/8/29,277.4360962
2018/8/30,283.6890259
2018/8/31,283.6890259
2018/9/3,277.790863
2018/9/4,274.5978699
2018/9/5,275.1743774
2018/9/6,275.6621704
2018/9/7,275.3517456
2018/9/10,271.8926697
2018/9/11,263.5997314
2018/9/12,272.1143799
2018/9/14,272.4248657
2018/9/17,267.8570862
2018/9/18,268.9657898
2018/9/19,265.7727356
2018/9/21,269.5866394
2018/9/24,264.2649841
2018/9/25,267.1031494
2018/9/26,260.0076294
2018/9/27,260.140686
2018/9/28,264.0875549
2018/10/1,263.5110779
2018/10/3,261.8258972
2018/10/4,254.6416168
2018/10/5,245.2400208
2018/10/8,242.3131104
2018/10/9,238.1444702
2018/10/10,239.5635529
2018/10/11,235.2175446
2018/10/12,244.0870056
2018/10/15,250.5616913
2018/10/16,250.6947174
2018/10/17,254.0651093
2018/10/19,256.7259521
2018/10/22,255.8833313
2018/10/23,253.6659851
2018/10/24,255.2181244
2018/10/25,255.040741
2018/10/26,249.1425629
2018/10/29,251.4486084
2018/10/30,247.4130402
2018/10/31,248.4330444
2018/11/1,246.0382385
2018/11/2,251.2268982
2018/11/5,247.9895477
2018/11/6,245.9495697
2018/11/7,248.3886566
2018/11/9,245.9052124
2018/11/12,242.8896027
2018/11/13,245.5504608
2018/11/14,245.1956635
2018/11/15,243.4661407
2018/11/16,245.2843628
2018/11/19,252.3355713
2018/11/20,251.7590637
2018/11/21,249.8964691
2018/11/22,248.787796
2018/11/26,253.3555603
2018/11/27,252.6459961
2018/11/28,250.295578
2018/11/29,255.040741
2018/11/30,253.4885712
2018/12/3,250.9608154
2018/12/4,249.9851685
2018/12/5,244.2200165
2018/12/6,242.1800385
2018/12/7,243.0670013
2018/12/10,239.8740234
2018/12/11,243.6435242
2018/12/12,244.8408966
2018/12/13,244.1756744
2018/12/14,244.5747833
2018/12/17,248.2112732
2018/12/18,246.7034912
2018/12/19,251.4042511
2018/12/20,250.6947174
2018/12/21,245.4617462
2018/12/24,244.7965393
2018/12/26,245.3730469
2018/12/27,249.0095367
2018/12/28,250.3399353
2018/12/31,249.8077698
2019/1/1,250.7390594
2019/1/2,248.8764801
2019/1/3,247.3243561
2019/1/4,249.1869202
2019/1/7,249.8077698
2019/1/8,252.1138153
2019/1/9,257.568512
2019/1/10,256.8589783
2019/1/11,261.9588928
2019/1/14,261.0275879
2019/1/15,263.0232239
2019/1/16,260.8058472
2019/1/17,260.7172241
2019/1/18,258.4998474
2019/1/21,257.125061
2019/1/22,256.9920349
2019/1/23,245.9495697
2019/1/24,247.3686676
2019/1/25,247.6347809
2019/1/28,243.687851
2019/1/29,246.9695587
2019/1/30,244.3530731
2019/1/31,247.1469269
2019/2/1,249.0982208
2019/2/4,245.772171
2019/2/5,243.1556702
2019/2/6,246.3043518
2019/2/7,248.6103668
2019/2/8,244.3530731
2019/2/11,245.772171
2019/2/12,244.1756744
2019/2/14,246.4817352
2019/2/15,248.4330444
2019/2/18,243.6435242
2019/2/19,244.70784
2019/2/20,244.6634827
2019/2/21,243.9539185
2019/2/22,243.2887268
2019/2/25,245.4174194
2019/2/26,244.3530731
2019/2/27,243.998291
2019/2/28,244.8408966
2019/3/1,246.7478333
2019/3/5,250.6060333
2019/3/6,253.4442749
2019/3/7,257.3024597
2019/3/8,258.9876404
2019/3/11,259.8302307
2019/3/12,261.2050171
2019/3/13,261.5597839
2019/3/14,262.0919495
2019/3/15,257.9233093
2019/3/18,260.3623657
2019/3/19,265.5953979
2019/3/20,265.1075745
2019/3/22,264.4867249
2019/3/25,261.6928101
2019/3/26,260.2293701
2019/3/27,259.9632874
2019/3/28,266.0831909
2019/4/1,263.6440735
2019/4/2,264.2205811
2019/4/3,262.668457
2019/4/4,261.4710388
2019/4/5,261.2493591
2019/4/8,259.652832
2019/4/9,262.8014832
2019/4/10,261.3823853
2019/4/11,262.8901978
2019/4/12,271.183136
2019/4/15,270.9613953
2019/4/16,272.4691772
2019/4/18,269.9857178
2019/4/22,267.6796875
2019/4/23,269.0988159
2019/4/24,271.8039856
2019/4/25,269.7640076
2019/4/26,270.1188049
2019/4/30,267.2806091
2019/5/2,270.5179138
2019/5/3,269.8527222
2019/5/6,272.2918091
2019/5/7,267.7684021
2019/5/8,266.6596985
2019/5/9,265.9501648
2019/5/10,264.0875549
2019/5/13,256.5928955
2019/5/14,261.0719604
2019/5/15,263.4667358
2019/5/16,261.4267273
2019/5/17,267.3249207
2019/5/20,272.2918091
2019/5/21,271.3161621
2019/5/22,270.9545898
2019/5/23,260.5141602
2019/5/24,262.5480042
2019/5/27,262.9095459
2019/5/28,261.1469116
2019/5/29,260.4237671
2019/5/30,260.9208984
2019/5/31,251.7911682
2019/6/3,251.7911682
2019/6/4,252.4239197
2019/6/6,249.2601166
2019/6/7,248.808197
2019/6/10,252.559494
2019/6/11,252.9662781
2019/6/12,253.0566864
2019/6/13,253.6442261
2019/6/14,251.3391876
2019/6/17,248.5821686
2019/6/18,248.6725922
2019/6/19,250.5708618
2019/6/20,250.3900299
2019/6/21,247.9042358
2019/6/24,249.7121124
2019/6/25,251.7459717
2019/6/26,250.7516174
2019/6/27,247.2262878
2019/6/28,247.5426636
2019/7/1,248.5369873
2019/7/2,247.5426636
2019/7/3,250.1188965
2019/7/4,250.9776001
2019/7/5,252.6047211
2019/7/8,250.7968445
2019/7/9,246.8647156
2019/7/10,246.9098969
2019/7/11,249.1697693
2019/7/12,248.6273651
2019/7/15,244.9212494
2019/7/16,245.8251953
2019/7/17,246.6839294
2019/7/18,246.7743225
2019/7/19,242.5258179
2019/7/22,239.000473
2019/7/23,244.6500549
2019/7/24,244.8308868
2019/7/25,242.1190491
2019/7/26,244.4240875
2019/7/29,242.028656
2019/7/30,243.0681915
2019/7/31,244.2433167
2019/8/1,241.8478699
2019/8/2,239.0908813
2019/8/5,234.8423615
2019/8/6,234.0288391
2019/8/7,229.2831726
2019/8/8,232.9893036
2019/8/9,229.7803345
2019/8/13,222.6392517
2019/8/14,224.8538971
2019/8/16,228.6956177
2019/8/19,227.3849182
2019/8/20,222.8200378
2019/8/21,218.2551575
2019/8/22,216.9896545
2019/8/23,213.4191132
2019/8/26,219.2042999
2019/8/27,221.9160919
2019/8/28,222.322876
2019/8/29,218.0291748
2019/8/30,222.0516815
2019/9/3,218.3455658
2019/9/4,219.8822327
2019/9/5,220.7861786
2019/9/6,220.4697876
2019/9/9,221.9160919
2019/9/11,220.3342285
2019/9/12,217.622406
2019/9/13,216.8540649
2019/9/16,216.4020844
2019/9/17,214.4134369
2019/9/18,216.26651
2019/9/19,213.9614716
2019/9/20,215.1817932
2019/9/23,230.3679047
2019/9/24,231.4074249
2019/9/25,223.7691803
2019/9/26,226.3453827
2019/9/27,228.6504059
2019/9/30,234.8875885
2019/10/1,231.3170319
2019/10/3,236.5146484
2019/10/4,232.5373535
2019/10/7,227.7012787
2019/10/9,223.3623962
2019/10/10,219.8370514
2019/10/11,220.5149994
2019/10/14,220.6506042
2019/10/15,223.8143616
2019/10/16,220.2438049
2019/10/17,222.2324829
2019/10/18,222.8200378
2019/10/22,224.9894714
2019/10/23,226.9329376
2019/10/24,225.1250763
2019/10/25,223.9047546
2019/10/29,228.9216156
2019/10/30,234.4807892
2019/10/31,232.8989258
2019/11/1,236.1982727
2019/11/4,235.7011108
2019/11/5,237.644577
2019/11/6,236.2434845
2019/11/7,240.3111877
2019/11/8,235.4751282
2019/11/11,234.5260162
2019/11/13,229.463974
2019/11/14,229.50914
2019/11/15,226.5713654
2019/11/18,226.6617584
2019/11/19,225.351059
2019/11/20,226.6165619
2019/11/21,222.0968933
2019/11/22,223.8595428
2019/11/25,223.9499512
2019/11/26,225.2154694
2019/11/27,223.2268066
2019/11/28,223.0008087
2019/11/29,222.7296448
2019/12/2,221.4189301
2019/12/3,220.6053925
2019/12/4,219.7918549
2019/12/5,223.2268066
2019/12/6,219.9726563
2019/12/9,218.2551575
2019/12/10,212.9671478
2019/12/11,214.7750092
2019/12/12,215.6337585
2019/12/13,218.3907623
2019/12/16,214.1422577
2019/12/17,217.8935852
2019/12/18,221.5997162
2019/12/19,220.8765869
2019/12/20,217.9839783
2019/12/23,215.950119
2019/12/24,215.8145447
2019/12/26,214.0518646
2019/12/27,214.1422577
2019/12/30,215.3173523
2019/12/31,214.8654022
2020/1/1,215.2269897
2020/1/2,216.8088684
2020/1/3,215.5885468
2020/1/6,212.5151825
2020/1/7,212.7411652
2020/1/8,211.7016296
2020/1/9,213.147934
2020/1/10,215.1365814
2020/1/13,216.26651
2020/1/14,219.8822327
2020/1/15,219.1139069
2020/1/16,217.622406
2020/1/17,216.8992615
2020/1/20,218.6619415
2020/1/21,215.5433655
2020/1/22,215.1817932
2020/1/23,215.0461884
2020/1/24,215.2721863
2020/1/27,212.0632172
2020/1/28,208.5830536
2020/1/29,213.9162598
2020/1/30,211.5660553
2020/1/31,212.560379
2020/2/3,187.6569672
2020/2/4,194.9336243
2020/2/5,195.6567841
2020/2/6,193.0353851
2020/2/7,192.8997803
2020/2/10,190.3235626
2020/2/11,192.1766357
2020/2/12,192.5833893
2020/2/13,191.543869
2020/2/14,187.747345
2020/2/17,185.125946
2020/2/18,184.2672119
2020/2/19,186.8434143
2020/2/20,187.5213623
2020/2/24,183.4988403
2020/2/25,182.4141235
2020/2/26,179.5215454
2020/2/27,178.5724182
2020/2/28,178.5724182
2020/3/2,176.538559
2020/3/3,175.2278595
2020/3/4,169.487854
2020/3/5,169.9850159
2020/3/6,164.2902374
2020/3/9,160.1773071
2020/3/11,158.7762146
2020/3/12,140.8330994
2020/3/13,146.6634827
2020/3/16,133.1044769
2020/3/17,134.8219452
2020/3/18,136.2230377
2020/3/19,146.3019104
2020/3/20,158.6406403
2020/3/23,139.4772034
2020/3/24,135.3191071
2020/3/25,133.1948547
2020/3/26,141.375473
2020/3/27,147.5222321
2020/3/30,143.9064941
2020/3/31,155.2056885
2020/4/1,150.4148254
2020/4/3,160.8100739
2020/4/7,164.1094513
2020/4/8,161.4880219
2020/4/9,167.4539948
2020/4/13,164.1546326
2020/4/15,171.160141
2020/4/16,168.4483337
2020/4/17,170.0302277
2020/4/20,163.341095
2020/4/21,162.3467712
2020/4/22,164.7421875
2020/4/23,163.2055206
2020/4/24,162.75354
2020/4/27,162.5727539
2020/4/28,162.2111664
2020/4/29,164.6518097
2020/4/30,164.5614166
2020/5/4,157.3299255
2020/5/5,157.1943359
2020/5/6,148.1549835
2020/5/7,145.5335846
2020/5/8,143.0477448
2020/5/11,143.2285309
2020/5/12,149.194519
2020/5/13,149.5108795
2020/5/14,148.0646057
2020/5/15,148.8329315
2020/5/18,148.9233246
2020/5/19,154.3469391
2020/5/20,158.8666077
2020/5/21,170.7985687
2020/5/22,168.4483337
2020/5/26,173.2843781
2020/5/27,173.6911469
2020/5/28,172.3352509
2020/5/29,178.3916168
2020/6/1,181.2842102
2020/6/2,178.301239
2020/6/3,177.8040466
2020/6/4,180.9226227
2020/6/5,180.7870483
2020/6/8,178.662796
2020/6/9,179.4311371
2020/6/10,179.9283142
2020/6/11,175.5894165
2020/6/12,175.2730255
2020/6/15,169.2166901
2020/6/16,167.2280273
2020/6/17,163.7930603
2020/6/18,168.6743164
2020/6/19,166.3692932
2020/6/22,167.2280273
2020/6/23,167.9963684
2020/6/24,173.4199829
2020/6/25,182.685318
2020/6/26,176.4481506
2020/6/29,178.301239
2020/6/30,175.9509888
2020/7/1,183.4084625
2020/7/2,186.0750732
2020/7/3,187.6117706
2020/7/6,189.8927612
2020/7/7,184.6179657
2020/7/8,186.5663147
2020/7/9,185.7584534
2020/7/10,184.7129974
2020/7/13,187.7543182
2020/7/14,186.1861267
2020/7/15,188.84729
2020/7/16,184.2378082
2020/7/17,184.4278717
2020/7/20,183.1448212
2020/7/21,182.7171173
2020/7/22,186.8039093
2020/7/23,190.7481232
2020/7/24,189.7026825
2020/7/27,186.6613312
2020/7/28,185.7109375
2020/7/29,186.9464722
2020/7/30,183.7625885
2020/7/31,184.5229034
2020/8/3,183.0497742
2020/8/4,184.047699
2020/8/5,183.2398529
2020/8/6,185.6634064
2020/8/7,186.3287048
2020/8/10,188.9898682
2020/8/11,192.9816132
2020/8/12,194.074585
2020/8/13,191.4609222
2020/8/14,186.6613312
2020/8/17,188.8948059
2020/8/18,188.7047424
2020/8/19,188.6096954
2020/8/20,186.0911102
2020/8/21,187.0415039
2020/8/24,186.9464722
2020/8/25,185.7109375
2020/8/26,185.2832336
2020/8/27,184.6179657
2020/8/28,185.8535004
2020/8/31,181.6241455
2020/9/1,180.7687683
2020/9/2,181.8617554
2020/9/3,182.0993652
2020/9/4,177.4423218
2020/9/7,179.7233276
2020/9/8,178.8204346
2020/9/9,174.6861267
2020/9/10,175.7315674
2020/9/11,174.8286896
2020/9/14,174.2584381
2020/9/15,172.7852936
2020/9/16,171.6923218
2020/9/17,169.743988
2020/9/18,170.2191925
2020/9/21,167.0352936
2020/9/22,165.562149
2020/9/23,163.9464569
2020/9/24,158.2914886
2020/9/25,162.2832184
2020/9/28,164.7067871
2020/9/29,161.0001678
2020/9/30,163.1861115
2020/10/1,162.3782654
2020/10/5,160.8575897
2020/10/6,161.4753571
2020/10/7,161.0951996
2020/10/8,158.8617249
2020/10/9,159.5270386
2020/10/12,163.6613159
2020/10/13,161.7129669
2020/10/14,159.4795074
2020/10/15,156.86586
2020/10/16,157.4836273
2020/10/19,159.907196
2020/10/20,159.1468506
2020/10/21,159.3369293
2020/10/22,160.1923065
2020/10/23,162.2832184
2020/10/26,160.1923065
2020/10/27,158.909256
2020/10/28,157.2935333
2020/10/29,155.7253723
2020/10/30,157.0559387
2020/11/2,158.4815674
2020/11/3,161.6654663
2020/11/4,161.3803406
2020/11/5,166.0848846
2020/11/6,165.3245544
2020/11/9,164.2315826
2020/11/10,169.5063782
2020/11/11,176.1117401
2020/11/12,178.6778564
2020/11/13,177.8224945
2020/11/17,178.0601044
2020/11/18,174.9237366
2020/11/19,178.5828247
2020/11/20,182.194397
2020/11/23,181.3865509
2020/11/24,185.8535004
2020/11/25,184.2378082
2020/11/26,185.140686
2020/11/27,184.047699
2020/12/1,184.7605133
2020/12/2,186.2336578
2020/12/3,186.4712677
2020/12/4,188.3720856
2020/12/7,193.0766296
2020/12/8,192.4113464
2020/12/9,195.2150726
2020/12/10,202.1530914
2020/12/11,205.574585
2020/12/14,205.1944122
2020/12/15,202.9609528
2020/12/16,203.3886261
2020/12/17,202.4857483
2020/12/18,203.8638458
2020/12/21,192.8865509
2020/12/22,193.3142395
2020/12/23,197.4485474
2020/12/24,198.2564087
2020/12/28,199.1117706
2020/12/29,201.0601196
2020/12/30,200.6799469
